x1,x2,x3,y
0.4325530819360217,-0.24034943216021487,0.21847324851636518,1.7303243901054786
-0.814465494488489,0.782490983916136,0.7621468360264207,-0.6403465650018705
0.12617545645165773,-0.4187185726990095,-0.14546985528037126,0.5332386029332996
-0.6359863052174761,0.2985930597991733,0.35195592021167643,-1.6145837468528277
0.48949031180692204,1.0,-0.2845077028368559,9.245674581575322
1.0,-0.6654593789266527,0.24955531043787715,2.459038137452668
-0.3504688764624815,0.5669327081506814,0.7535638373845901,0.619074276229929
-0.25261151840937934,0.17249502915761217,0.33352351533337976,-0.29271899179733984
-1.0,0.5544066619624186,0.1767570317138114,-2.635313398135743
-0.028799968809683385,-0.10524170833283342,0.8125340100139884,-0.5857235415891383
0.16688315346024551,-0.9134490551693222,0.7667912956146112,-2.041814619371121
0.11323506512667558,0.7645249678395882,-0.48687957574419016,1.669637724858442
-0.7825041525361454,-1.0,-0.2925459752098214,5.488949159102478
-1.0,-0.1736836031754292,-0.20172924256706937,-3.129115185602039
0.2064572827292006,0.7155373600455601,-0.6975017016374645,0.5360595201341172
-0.09695117556141719,-0.5276163118681432,-1.0,-5.423885673373123
1.0,-1.0,0.14061175474236243,-7.7924902587791385
1.0,-1.0,0.27856865878142667,-7.733404189773958
-1.0,0.6653271176312983,1.0,7.68562605603913
-0.5070581508348748,-0.9167826186037147,-0.23972163912041622,2.658789519027744
-0.08844273509079459,0.7766066457341627,0.9219096088465,5.90390310207948
0.28268804675573866,0.608748518165598,1.0,4.628201108236445
0.09930401599429639,-0.9366582092971378,-0.22186564834367073,1.2395674632323899
-0.11173328382055359,1.0,0.8538957434547552,10.64153857834074
-0.8364446950452815,0.7713830214790585,-0.09909476738847034,-0.971782469435545
-0.9429995634630117,-0.07042539603753739,1.0,3.8618801713732536
-0.0976344737230368,-0.6086163350224556,-0.8884675000858977,-3.368767999991755
-0.1262466064932286,0.47853213125380245,0.8991097944128295,1.5320201724632974
1.0,0.574776927475654,0.5399529467292488,9.97341485986692
0.8120194866668107,-0.5146463120171105,0.7142919638556839,1.1878436113260953
0.07248895931312371,0.3201499497819078,-1.0,-3.1595300653169662
1.0,-0.049369439857895436,-0.6331177468549489,5.639936718528999
-0.8616685419418713,0.6455324586540021,1.0,6.849790079950824
1.0,-1.0,-1.0,-29.04988133697372
1.0,0.5674048226421573,0.3632745313686627,9.176546631714416
1.0,0.6491087628609455,-0.08820890047021623,7.517755828629606
-0.5945036425031567,-1.0,0.7567785935928535,3.1037276731696513
0.7870107310631611,-1.0,-1.0,-27.520357507289877
1.0,-0.7088729975595576,0.4813574874853297,2.085710878671
0.18293118142775522,1.0,0.03965537795274421,8.170478877591187
0.7460967015354181,-0.7529327233846816,1.0,-3.467495123236542
1.0,-0.4484016725898492,-0.676996907824023,5.064966046580209
-0.6744622726965899,-0.053994442458708436,0.8672666568197873,0.4960122977135353
0.03613376718262451,0.44761630101253247,0.46783993689931314,0.16929564627826704
-0.6523164197192641,0.29891712581883123,1.0,3.0941179570192356
-0.33774690796260387,-0.003919797769755151,1.0,1.592350198205203
0.48773127911797487,-0.3593637272430996,-0.03226904676498554,1.401939747282998
-1.0,0.7394619868297723,0.4058797441962232,-2.6548756610407516
0.586915680521126,0.07852786868070338,0.4550728933501653,2.1519209346074937
0.7439998975097313,-0.24238109888811055,-0.9235562024513844,0.3058803133296789
0.40030223385995245,-0.16768049372618243,-0.09693847575251135,1.5586333027525074
1.0,0.05062759040429876,-0.7972333179109001,7.698723390842712
-0.08045277034977194,1.0,-0.10114133770421274,7.766333168936934
0.7251743951746994,-0.10471005663800392,-0.5437463350109943,1.871001912947858
0.7308599439523882,-0.6367639244083918,0.02187802304559905,0.5023689609254508
-0.0734446805741873,-0.7404738343512081,-1.0,-7.9024968809715395
-0.2955788271684072,-0.31494677677792815,-0.14053256281689142,0.030199329895160942
-1.0,-0.3757910207666806,-0.08490032621469523,-2.546851504777652
0.1567313809499815,0.47218420063938193,-1.0,-3.565805097759617
0.7388189786568211,-0.2736110468448181,-0.06890600380105383,1.4020522437967546
-1.0,0.47969085150129587,0.07379872080775196,-4.1367916830533105
0.9580094746914716,-1.0,-0.19382572337637605,-7.516620816332018
-0.02105880187142839,0.15720892380307294,-1.0,-2.927021699368042
1.0,1.0,0.236580288723379,13.947048629955352
-0.09502662252825478,-0.08815654847892196,0.8502897309794211,0.09621747295798938
-0.7523759632663525,0.3002854604583396,1.0,3.359295504467613
0.36248872392911435,0.28808587067655655,-1.0,-2.148326820812268
0.6286953868022289,0.2698825729037573,-0.6030839241057266,0.5752061161733256
-0.35716488293298876,0.36744170603886706,-0.7921603429375874,-1.0474002376510214
0.007904421637506154,-0.6841037694832828,0.025607948925087776,1.197292637943176
0.588924141324209,-1.0,0.6409484541128734,-1.6624498195971604
-0.525644457080249,0.18235657784666515,0.019005581746345923,-1.4417602109510466
-0.4121198230822831,-0.2344309843236152,0.07127089009083387,-0.35313364794369856
-0.4704549119454158,-0.8686883589885022,-0.40992534587873597,2.2647623412621605
1.0,-0.09885256609390636,-0.24293452235437352,4.565825538985694
-0.4791218660544456,-0.04579602642182001,-0.0883437249765695,-0.1923589691701623
-0.6344671667541253,1.0,0.24809725632233448,3.366824116726013
1.0,0.13703026568328136,0.3388226159062202,6.792138285699994
-0.996511685891319,1.0,-0.11902806010081224,8.742259829158021
0.20196740576255245,-0.41234316274501825,-0.43429271295812577,0.923766482837584
-0.4913882508095806,-0.8378687363893058,1.0,-0.10634379634475408
-0.8463322676939031,-0.8360372944656262,-0.13737737545407325,4.87708552342515
0.6098723434562847,0.5585707854629844,0.452219742138384,2.1681375647578065
-0.22440888671504822,0.20044421268561385,-1.0,-2.4297950460955446
1.0,0.6611731855864993,-0.021980053454906612,7.706204000426758
0.6258266918515702,-0.46198448017048466,-0.440032789064978,0.8567974449455755
-1.0,-1.0,0.8684640446064515,19.11414955345785
0.2592032102548718,-1.0,0.3505636717148273,0.9431753737292219
0.12904748568140234,0.22856662987650722,-1.0,-4.13774565125618
1.0,0.39764083810531026,-1.0,11.955054825881387
0.14874826034180222,-0.10776694236594975,-0.6278746049224415,0.7851171316729724
0.9250577309591652,-0.8045646445741672,1.0,-2.7877581789730046
0.2773200820865851,-0.29438486209607695,0.2917901628645503,1.0245034089458058
0.36718991111766086,0.24420322327199262,0.9372979076944357,0.821792459560176
-0.08031273327873034,0.88239372624287,-0.7191134414690481,3.52797634323917
0.24180006426626566,-1.0,0.6171020743847282,0.3189270226938657
1.0,1.0,-0.15534120804953178,15.805242649963505
-1.0,-0.5164449230593904,-0.44028105635845005,-0.2787165576937768
-0.5092720327404838,-0.263515577779847,-0.9194705631046984,0.2221375154139563
1.0,0.2971656354934462,0.02435780781635155,5.258292866045058
-0.6881222432897509,0.6112955827608584,1.0,5.79635054007143
-1.0,0.25291113939413834,0.2233615629722392,-4.320746125990553
1.0,-0.05982811028571322,0.24101519968984597,5.134730714212124
-0.10528387990207322,-0.553682784409895,0.8791241777943852,-0.8488677987556814
1.0,-1.0,1.0,-9.547037901289698
-0.9735617390483744,0.631862449178775,1.0,7.335894500246606
0.9918060220752292,0.8256536076605274,0.34444472971538365,10.172105211658417
0.0032763734592224925,-0.5203063349390991,1.0,-1.458118617054123
-1.0,-0.14680208502256442,-1.0,8.562959830408921
1.0,0.4650161243009714,0.8218809434322363,14.621240625000913
-0.0048634545362093995,0.32697636789870055,-1.0,-4.00536781333254
-1.0,-0.4616021660776988,0.5938641937530442,0.8536429975321469
-1.0,1.0,0.2907894213859834,3.5617664109447404
0.9707584706803347,1.0,-1.0,34.587433621918656
-0.7257791782198593,1.0,0.08001689613898622,4.2714368580689674
-0.5088794040660016,-0.8153264165220111,-1.0,-6.837412904443378
-0.6379243208578891,-1.0,-0.06008322173348013,5.264983163652663
1.0,-0.15899464301968802,-0.7475218817312876,6.414890515367501
-0.12540337571992533,-0.20825344001556978,-0.9478938694626902,-1.4103905684542153
-0.3531438476708122,-0.4025697922770721,0.14352459759567693,0.32354544034004273
0.05731618270311234,-0.528350171346033,0.7641428233252929,-0.13607690266994604
0.6765580559972197,-0.8765160309489903,0.8526027601573967,-2.559786429934344
-0.8578747655365238,0.9525317292264106,0.8836968384295849,7.7655301635830964
-1.0,-0.3151401277402994,-0.06164078492694247,-2.8174712156677364
-0.971911998111316,1.0,0.045943560428908015,5.946911178309287
-1.0,0.23135076084553496,0.2136644370617573,-4.330391584952326
0.5631506440019212,0.4819714031246478,0.12540502948842747,1.4346262622409436
-0.30916079629056115,1.0,0.2729725011425168,7.253278617156916
-1.0,0.2623828233732326,0.2984789255396205,-4.935375790805695
0.758616674171745,0.18558682803735826,0.4467214566963933,2.8649756794159544
-0.12377103834165037,0.276002030041848,-0.37905048155210364,0.42006407949920876
-0.0574774825885469,0.2878631320543239,-0.3379430135398058,0.16202088106127083
-0.9890203474568762,-0.47946456239078317,0.5259165233286056,0.8596586279244554
0.6116304947577145,0.8391072092072229,-0.5686487379723744,3.7892084821487995
1.0,0.9150085870148277,0.6175109824637957,13.764059582953916
-0.8782458154691042,-0.09262251998970705,0.3455934297310552,-1.6410710723062822
-0.982791948508424,-1.0,0.2192799178609497,9.171351798305759
0.4585884226185637,0.3089372668657897,0.1652177153041463,1.5365319265588875
-0.15427252689439408,1.0,-0.9876596288258517,3.479664073451417
-0.014785897688851524,-0.44423449746097,-0.5341508803021859,1.0510756078808359
1.0,0.5894764065556786,0.42368543635208855,8.982148771676462
1.0,-0.5760238950219136,0.3686564042126794,3.6308357314473683
-0.43297388198081865,-0.2307337151143689,-0.34614138412392936,1.0217482174313615
-1.0,-0.4332335352846155,1.0,8.05638318940614
0.2895093918462561,-0.48178571998591013,0.06352031591026241,1.0805927968176057
-0.2743125898286063,0.1169968681141551,-0.014178887477462432,0.13571745134978425
0.30525750086219294,-1.0,1.0,-7.584774645662482
0.2460337822279548,-0.7658088676005905,1.0,-3.106900806585587
0.33898308519121056,-0.08621288425320572,0.004889285524605214,1.0701982699530999
-0.862861189076032,-0.20903322624954446,0.06918618287060996,-1.329532719519223
-0.46677982057063727,-0.8265032380244872,-0.12048708607940273,1.9829417627055852
0.3099154224820855,-0.22607797470373558,-0.06761866144429107,1.0009699107195127
1.0,0.6965534958853021,0.922244216236505,20.142363924505407
0.1347259607511535,0.4165648566501461,-0.9030700583949098,-0.9362518233290822
0.29043165357243206,-0.40070886131162875,-0.3656356627346353,1.169722448930351
0.2796542479156843,-0.5716528251802484,-0.6149493264183781,1.1318173845013035
0.48897058104387514,-1.0,0.061751713087509374,-0.14442883032213538
-0.36459000206213177,0.519488958213796,0.573845217293967,0.2857894000016358
-0.5169406021645979,-0.18727862973829001,0.4248170537189919,-1.0679839603172776
0.23732421312452123,-0.36606673064836825,0.6144570157624827,0.34739511987778293
-0.551005229954191,-0.9867056314964409,-0.11550564071218017,4.763619275511636
0.7183113906905383,-0.887007558148879,-1.0,-16.708031854659666
0.08122712809203003,1.0,0.6349453950986461,8.708142638487953
0.6887946297101979,0.14074193534177648,-1.0,-1.301285361600226
0.6144683302347833,-1.0,0.7268886879531851,-2.311044216073805
0.4866569038631319,0.199452892122169,-1.0,-2.9908001697416013
-0.6353205783532438,-1.0,-0.12388244140461757,5.277794758152113
1.0,0.9650130284346123,0.4583728405288918,12.998280914741558
-0.35345832879490446,-0.39663040379402625,0.804996819322217,0.2672447607578812
0.017354879826867453,0.7839683856169659,-1.0,-3.2900931306344425
1.0,1.0,-1.0,39.5867300859404
1.0,-1.0,-0.6143638251975945,-13.053524415446264
0.8821820404185277,-0.21712982449035723,1.0,4.276033005849358
0.3502924184363341,-0.06581872332064331,0.8962268616758446,-0.22934757017515867
0.13688819399486607,1.0,1.0,10.525201258382126
-1.0,-0.10135189955765878,0.3944316953652134,-4.062566483593575
-0.46761764587785604,1.0,1.0,15.315831543538092
-0.4810185554263082,-0.12995443423744768,1.0,0.3215358295177948
1.0,1.0,1.0,24.957566696903893
0.07530341596620982,0.4003058441595235,-0.7175908794464503,-0.5990092099828772
1.0,0.16228731794374696,0.5123528621045776,7.8047847741325995
0.8433226002750718,0.9745902102387254,0.9080291523683153,13.032570936266275
1.0,-1.0,-1.0,-29.584580682811612
0.9558682800963132,-0.0425239795857677,-1.0,4.56394728369823
0.8467820882238011,1.0,0.518485754185738,9.692692607132388
0.20784313400251442,-0.4132178386007974,-1.0,-4.577616879464206
0.9725912295778645,1.0,-0.5941646322630949,20.516270038660707
0.47731319402751016,-0.2922418013458863,-0.6397353543597404,1.4748059351240914
-1.0,-0.935093907720236,-0.43415933198001744,5.204223287675372
-0.3557161416162351,-1.0,0.5952243539821562,2.040886539319962
1.0,-0.5805453305352295,-1.0,-0.22182912594695947
-0.21983131058112293,-0.8730117554153813,1.0,-2.417089317253411
1.0,-0.6038123318690489,0.6868645526850197,4.3702530751733315
-1.0,-0.39553176836255766,0.6194851773252661,-0.5363222792127661
-0.8453841628273069,0.1189583711166422,0.3350676322989601,-2.3762397251118506
0.49285807139438864,0.46891346887370533,-1.0,-2.413857947207508
-0.6994136396200048,-0.06985304123294878,-0.494246393605388,-0.4851862276301254
0.8094335629649196,0.7009710484488163,0.18282473494681972,4.52237283001962
-0.08206320325036764,0.007365563583418888,0.505474117748133,0.7062172837532505
-0.2627420570946408,0.0179893943152587,-0.23788056126616763,0.15707741402004832
0.4209387423338944,0.8441617978644509,0.9565051436729408,7.022276831645125
0.6359870039939628,-0.11092147432476396,0.5031338783452237,1.4661035601842882
-1.0,-1.0,0.46674979196194366,11.843027753769205
-0.5837667943742035,-0.5748378770120326,0.9764100666269462,2.515753704982818
0.19319811422103617,0.9331602115926454,-0.63639679401023,7.068050155076748
-0.7233067143126444,-1.0,0.12245592848155185,5.462524473352975
-0.9334904670829671,-0.3055726599996327,-0.9000950421827905,3.7055046173065116
1.0,-0.46706908175766104,-1.0,2.6728223251159013
0.7691782757371939,0.5974172922302794,-1.0,1.3256059796627069
-0.08636035293174782,0.9630063709926471,-0.5745642208775243,6.936340300863224
-0.2052277168625838,0.06001739284401397,-1.0,-2.6088999982716183
0.26721948747284086,1.0,-1.0,5.123646568491871
0.5359664507935962,1.0,1.0,9.73345536307772
-1.0,-0.3197349319112295,0.19146048647330582,-3.0342302946255133
0.13925831654006604,0.45396965287501523,0.4936126920603934,-0.06616183549538568
0.17103774427137797,0.538593805583417,-0.29688745372077263,0.7931614874872034
1.0,-0.7379783834054232,-1.0,-4.756461090473026
-0.3953025709844118,-0.49935208189908775,1.0,1.0009360426348657
-0.018435479231848406,-0.35678268803255864,-0.2805731743751554,1.6630286433843269
-0.3083425508871498,0.7578331451663707,-0.833739427058974,-1.1944282553290864
0.4328625220599547,-0.47890485937819394,0.19628369822332803,1.3912113223777542
0.26461463939199215,0.35503663046163414,1.0,2.9109367620983924
-1.0,0.9825239252969655,-0.07422095024869324,7.413842323975883
1.0,-0.6518080045771508,0.42253195620531514,2.9718642042046826
0.5502315023029416,0.5461571163304433,0.4428093247923297,0.9534422143288233
-0.1077246512545944,-0.6187118410613162,-0.8447532931540367,-1.2034956641941925
-1.0,0.7072164178565705,-0.5348241062914605,3.9617418486894986
-0.2707293488582885,1.0,0.3603989774887817,6.2643714456338495
-0.8564135934021444,0.040950777146161244,-0.5045913252273486,-0.5674084541594029
0.6632045432721208,-0.15736530209621824,-0.04268818805305741,1.6007079384602338
-0.2725905787963878,-0.5234479912490992,-0.1518261392349598,1.6838972221387758
1.0,-0.47931905026686095,-1.0,2.378690198097756
-1.0,1.0,0.36167223724728514,3.5030559800453087
-1.0,0.6374593907808599,0.6494146761315334,-3.4258133526242895
-0.9265877925802986,0.23609198653995334,-0.9826708351560052,9.183937668230516
-0.5773391802411973,-0.47120823127983513,0.9256706156675762,1.5594699850712015
-0.2903148404151987,-1.0,-0.5824035981235725,-0.4488089095968836
-0.1137553756381966,-1.0,-0.7784063755754793,-6.185083012193305
0.33031984071057163,-1.0,-0.6239314407014291,-4.157946506626752
-0.9203065410673328,1.0,1.0,16.02307657516997
0.45058811025578693,-0.5380950248471859,-0.41435472499955606,1.5038897750490812
-0.19569751037423777,-1.0,-0.30291079506834917,2.1898403768715697
0.3360355251262539,0.10696245281447814,-0.5678976249872465,0.651264795784644
1.0,0.6801258212787236,0.24753957882520505,8.621548946115624
-1.0,0.05229283757402858,1.0,3.950663054070557
-0.09547530168052099,-1.0,-0.07736743920592626,2.594495745354497
1.0,-0.0494722266181824,-0.27047878628043276,4.706578895022787
-0.8561024902983443,0.44483667484213796,1.0,4.158899031935885
0.668891586532576,0.2890545732399106,0.4039757061893414,1.9087628841447857
-1.0,0.06704136487155044,-0.21268619541450384,-3.677065451357205
-0.056105622016229484,-1.0,-0.015240934933900219,2.8370005937449654
-0.3544371576669707,-1.0,-0.16422633947215615,2.9192452572323986
1.0,-1.0,0.8338107285247391,-6.674982030640907
0.8611397039487645,-1.0,1.0,-7.7173255700584535
-0.606341898495538,0.227255724915022,1.0,2.170438440776466
-0.11189799227418007,1.0,-0.8671250240680382,6.761773219668729
0.6207556573681061,-1.0,-0.40551730607703407,-2.9934017021682315
-1.0,-0.37200339948518524,0.9670288031799248,4.876195243269811
0.17740901738676262,1.0,0.7204794891355695,8.916678576246222
-1.0,0.5014219267536744,1.0,5.051227325105843
0.6449329820466825,-1.0,1.0,-6.642742900387749
-0.5044766961236664,0.18647813690362658,0.7631486102015261,0.14029550225926973
-1.0,0.5345132442276137,1.0,4.634500080695324
-1.0,0.40729911986202416,0.24439915092201048,-4.687786905121233
-0.9242442980252397,-0.5196347635999998,0.12110385919924838,-0.4561489862240271
-1.0,-0.21524971472727183,0.5958024438448648,-1.7820937410830826
-1.0,1.0,-0.08067253295791632,9.305844196889595
-0.21631519166683244,-0.2864768474285653,-1.0,-4.814672181219689
-1.0,-1.0,0.15189899175921728,8.36318450728248
0.2603208293832868,0.5715569062751298,0.4233260865173787,0.9781436496393017
0.564961985250023,1.0,0.17660137271823295,7.6978535472056935
-0.4351474712140193,0.24444480232391452,-0.0314528537030776,-1.1592909668919025
0.10616078988447986,0.6535381115560317,0.10901194708011253,-0.15660362579688436
1.0,0.6807131012121959,0.011658878833225028,7.533103339868456
-0.4624672146841058,-1.0,0.00025676619187597893,2.271020765736936
0.13218455141420637,0.33067584996924215,-0.04559330422735708,1.1054349865636497
-0.57922358808926,-0.004636294214695136,-0.678421183914379,-0.3402403367997459
1.0,1.0,0.464763065356973,13.921335136543664
-0.5149415523555796,0.0883632923325921,0.290813087768395,-0.5950421404325408
-0.7537381071395755,0.5211874081478465,0.5010748900999344,-3.4937115368610403
0.094836149899028,-0.07573969695006744,0.38255729951587436,1.102937610049055
0.6316771536418002,1.0,0.6085399828495908,7.565003317531499
1.0,0.12070199576517693,-1.0,10.288019469097893
0.508066968526967,-0.9757196565858797,0.15949102673852322,0.4115044445174133
0.5966292883654329,0.03329011451103758,-1.0,-2.3306316456674843
-1.0,-0.8318008822011722,0.02889486853299439,3.0696781413160297
1.0,-0.49362257776365714,0.8053261559065559,4.736282258185962
-1.0,0.7604048771529854,-0.023925279407475797,0.09732371912839435
-0.9677473812377659,-1.0,0.4543149559565225,11.357362654880026
-0.695547173419033,-0.28826880871283533,-0.8527693818655704,1.36902121059781
0.808225895151925,0.5073213324839245,-1.0,2.424032794326748
0.4439225269267084,-1.0,0.016855033168698075,0.1011062353123528
-1.0,-0.1894982689703244,-0.6483314263386255,-0.35208399489437925
-0.17476634072792718,-0.7344556852771129,-1.0,-8.129169330458986
-0.030027407165278852,0.3644535293125182,-0.22010980752494347,0.18306329073173205
-0.3295593824424894,-0.18682881771382753,-0.7032774767534968,0.6506720631433536
0.4820626670707504,-0.19896105021118515,-0.5592101664912379,1.2735931407034744
0.6226015764635546,-0.6803050029956075,0.2307306080812308,0.34344764775916437
-0.7643600447133942,0.2936346744234961,0.2998439415791794,-2.9206940941475485
-0.06855957906788412,0.5649888654397079,0.25583316797450273,0.3346816314089962
0.7491240319795325,0.11918260478291276,-0.43722952680918903,2.039593913322303
-0.2630838465596952,0.025694103386641576,-0.8628629899325462,-0.39377164789341457
-1.0,-1.0,-0.6064788750164529,4.725060604206839
1.0,-1.0,0.49778091553892945,-7.11129477697093
0.5626395840157612,-1.0,0.049913718746186886,-0.20039273007225972
0.10444340586793,-1.0,-0.38116964193519887,0.6394369186187959
1.0,0.3320729742129169,0.9901836443676613,18.610232298554337
-0.38925038284238567,1.0,0.089564308694557,6.550878604433296
-0.5874626879587421,0.4863368976117566,-1.0,-1.5306444697754642
0.8333456467917046,0.7919326475964192,0.9893559173563573,14.57341160436856
1.0,-0.8798394575627604,-0.5892222438323123,-1.803845099239704
1.0,0.807710351652982,0.040850031309648704,8.454674504428002
-0.9224884454092954,-0.5848354928091237,-1.0,3.988982017328733
-0.32039271885847653,-0.009840265679226912,-1.0,-2.592298047243212
1.0,-0.26137260122095096,-0.8270344466983974,6.76805061237234
1.0,-0.1693675410137525,1.0,9.660700163703517
-0.5971945352809271,1.0,1.0,16.140310852721264
-0.17868194864389708,1.0,-0.7783874218419553,6.9185509835663455
-0.9339384830607498,-0.12526877125842129,-1.0,7.496824222390403
-0.26817354005889404,-1.0,-0.16939694173025632,2.8271513028867967
-1.0,-0.10103718724090904,0.9018542204773177,0.9000569728928263
0.1653483820608137,-1.0,0.5639395796317856,0.4380690960200626
-1.0,0.4053549048658638,-0.1991142579744518,-2.9576816411366655
-0.45602601464928494,-0.08285976193378386,1.0,0.9789295800319541
-0.9049357074958908,-0.1056877168922381,0.3280389869283855,-1.6376212156882217
-1.0,-0.9544879813761904,0.842968715345177,16.87220433121317
-0.3813377859000706,0.953241445773995,-0.8826216045283115,1.980863048909866
-0.8554483480817865,0.0627915709273521,-0.2796752495391548,-2.4776799256104525
0.6771225008541781,0.5792305364256158,0.5630850764198121,3.569723538878172
-0.18359176761954465,-1.0,1.0,-6.2336398216923365
-0.4377753500244326,0.6559864207291917,1.0,6.022139695246315
-0.009883935151034695,1.0,0.8300184310822649,9.856950060398502
0.11077107344442094,0.9151058027691006,0.7925522119886954,7.3962594892740405
1.0,0.4389208385628298,1.0,21.32733189837714
1.0,-0.3127740479722936,0.8616417221078554,7.261982522461389
-0.21412593399786606,0.7637860141375983,0.3015187824811565,0.3821012964167214
1.0,-0.46894211055099766,1.0,5.550935219663151
0.12477274902583568,0.2805351326840291,0.239278847851621,0.6454500540331787
-1.0,1.0,-0.09378590660030306,9.094294836018213
1.0,0.6887174111908565,-0.04025005803528958,7.647722918220736
0.029795643572619213,0.6534788242503262,0.4180120512842862,0.31442279869671563
-0.6655145743486539,-0.5838740703723633,-1.0,-1.3843551548138415
0.6413466031708963,-0.3766274547630122,0.02585572372616296,1.6796185778983879
0.4016408432717167,-1.0,-0.10730389057093381,0.3550006283002935
-0.9338902810584879,0.0799425311749069,-0.2826338092723686,-1.9040989977778162
0.19685373326682787,-0.8644802912431917,1.0,-5.210071412707163
-0.22830259855981172,-0.48961374644231936,-0.05680106832764431,0.21732889266710353
0.4020061639047541,-0.07166307990825005,-0.001857635917719369,1.7876531047492743
-0.5983678239048849,0.9330989788169879,-0.6138775919922694,1.3655949093591182
0.017387563331433986,-0.8125984754494016,-0.5720710141286673,1.236063833252565
0.47322589819357685,-1.0,-0.4046372367846993,-0.8077574610175768
-1.0,-0.7127266970678494,0.20611287995065908,1.645035637385136
0.891519464382214,-0.19061248775648099,-0.27516422998292933,1.4735636846025992
0.10794174842058246,-1.0,-0.5289457578210264,-1.323306432001157
-0.9505568809958582,0.80402705888981,1.0,11.219324749963635
-1.0,-0.8595548813975613,-0.12102895163763772,4.315770046097602
1.0,-0.46398421336189255,0.5193633454469435,4.569293836495031
0.3695009686739068,-0.1530960670266046,0.38418852411856474,1.4678140649129356
1.0,-0.8493380437765885,-0.6237181940488068,-0.2855263807548045
0.2693425329731429,0.6250603733544831,-1.0,-3.53317638456675
-1.0,-0.17517045232470263,0.6635695125322254,-0.9813283380080969
-0.39604813412383133,0.28834923557585945,0.09867211109297047,-1.2187015407492556
-0.5214667939143334,0.4805091339372558,-1.0,-2.8041343750505985
0.4462428952977484,-1.0,-0.33696581644173573,0.022028249711703585
-0.11163780231217846,-0.852318464175442,0.4293922530207339,0.44438875529508237
-0.38950652346267334,0.13527595753561195,-1.0,-2.785052382226382
-0.47580497004512323,-1.0,0.6754574174917287,1.5079587387782527
1.0,1.0,0.21869686000930688,14.259225298642892
0.15195504240521895,-0.731228915469017,-0.07672796684893268,1.8521807714792198
0.8890757555293407,-0.049848704345307526,-1.0,2.2212627290905176
0.018168193899362528,0.05638910557230048,-0.2752502930016194,1.21051463645817
0.26165769696613195,0.5019421645115163,0.19170111152797475,0.38318081744943017
0.06674239504708157,0.42925556436984036,-0.056174892237135676,0.2181143476354842
-0.1837858435056181,-0.24994891737398572,-0.0869510451144282,0.6088790437220163
-0.010939381044049235,1.0,-0.7177334139493103,9.185298218335703
-0.11905065823076355,0.39214787651636573,-1.0,-3.2957094708546544
-0.1755162425911474,-0.7306906820234678,0.32140845778143823,1.7085773304994447
0.4759576234538232,0.7345911821943729,-1.0,-2.739748383780194
0.8671494141584328,-0.20355652073998676,-0.9845100564876774,0.12541287683712776
-0.2780165744141605,0.5196727951477469,1.0,3.9558380880621558
-0.8070737098379632,0.15878762996530194,0.046157793371985,-1.9208747128476573
-1.0,0.5217922234895571,-1.0,17.699937240910234
-0.5718589481935494,0.6547016950382398,-0.3374731694416029,-1.4826388477543613
0.6707556676500535,-1.0,-0.07330859946805446,-1.8104048160554704
0.8763843762047203,1.0,-1.0,21.385414040717244
-1.0,-0.21356972305317146,-1.0,7.805194101990402
-0.5148187601846745,0.037083733892006476,1.0,2.228733366472972
-0.3206810820971142,0.8754812005953174,0.05793230753494205,2.226983640095829
-1.0,1.0,-1.0,21.315755557614484
0.5095878586506029,-0.22573607909113647,0.054992166246742746,1.913647370117733
0.8888807404310164,1.0,-0.5697830851435455,15.817915956941345
0.2893216083745105,-0.7652904480476816,0.8261194114080803,-0.8858107250589959
-0.3700971725277975,0.07377866364232655,0.9788463836901693,0.5329359972061366
1.0,-0.45140335323811276,-1.0,2.250402421254913
-0.44887848014355214,-0.2919255570291548,-0.49807961225227904,0.9307896073013011
-0.07475818588749772,-1.0,-0.389957133868555,1.4717652673968815
-0.9031433451680346,0.826903844540362,-1.0,9.358382312486986
0.32871248786070817,0.2960543352144547,0.5696030616522989,0.6446948060134869
-0.1017111568453759,-0.17638255792781754,-1.0,-4.536517576592258
0.540999498162059,0.3824547978559807,-0.48548757506331297,1.109826133850572
0.8672979046457332,-0.30023446137956844,-0.34672936855313763,2.053987082528766
0.34911896732929804,-0.04443712921085008,0.8998925723077693,-0.21888831159063257
-0.6790123676292363,1.0,-1.0,0.871904426175105
0.24450708954622713,-0.8983735014611076,-0.6340555554829825,-1.0766005903583602
-0.2990949893850918,-1.0,0.7349067642737552,-0.7205359543183165
-0.24904015093654164,-0.3291821710459155,0.5857612781786812,0.3765069669737384
-0.22545293748182504,-1.0,-0.4312492510462407,1.2398259844310089
1.0,-0.6819757816370637,0.3702570890243093,2.6281881104479683
0.40970016994204217,-0.4325193274631771,-1.0,-5.206966893753587
0.778429747381153,-0.38346234578599137,0.3086116889656878,1.4238469834048757
0.4425810452029981,-0.18618918670925577,-0.9412806891914962,-1.5921794937190654
0.18762955177157936,-0.5346802127303316,-0.1550613570229884,1.6459106700035375
0.7483071675505244,-1.0,-0.2323449702327267,-4.152742583939826
0.44120288705818256,-0.5343584213144632,1.0,-3.03492100104596
-0.08874672849773946,1.0,0.124758369765539,7.845222469791912
-0.3599563345881429,-0.7209354045232703,-0.9269997137637189,-4.24920331671693
0.9495639198690731,1.0,0.4550729347719369,11.613812548277519
0.8466201111259006,1.0,-1.0,19.536839843870837
-0.13761412044431398,0.27280527319218084,0.028176478195173882,-0.3838659443472838
-0.5020865626083697,-0.6542947190685311,0.29828593964789896,0.9660794003793385
0.2975574538512331,-0.0017181710647060644,1.0,0.18621240139329587
-0.8638989871843987,0.8747960546357036,0.6500286757334868,-0.6696931092526164
1.0,-1.0,0.679323889297913,-5.960418897767701
0.6767699137176055,-0.09312323217844165,0.0019271833798779614,1.3185223053716562
-1.0,0.9684169734209953,0.28937037991343995,3.846743143548692
0.6922341846936568,-0.0974953460092709,-0.21343801217882152,1.7507622258473965
0.2357561123694003,0.5502665099822956,-0.09889336958937789,1.1122735864135571
-0.1649550825801709,0.03286229149206377,-0.18490668348117034,0.3880916237656617
0.0038285327304907746,0.06370581875547665,-0.025480662234252716,0.7567342672988986
-0.4916039232857323,1.0,-0.017834071967465448,5.702710741041438
-0.2772556967059072,0.5606838163979067,-0.5682701265600203,-0.2613023747624501
-0.09644486117861706,0.7117471204959023,0.6330478604977188,1.737501047740703
-0.44271173548484954,-0.4774399809978698,0.4423072563825423,-0.23173589002346096
-0.0389549885125422,0.5201787978365193,0.1833325577492666,0.6025148644010387
-0.503485160095209,0.8891496532717318,-0.28442427280226057,1.9291146773773273
0.4140825628458682,-0.28439843203293136,1.0,-1.2563047537639833
-0.6854935306256196,-1.0,-0.9942609442725898,-7.664324340306347
-1.0,-1.0,0.35044285355583593,10.435302872413514
0.22357567906878484,-0.2861186199037886,0.3071065888257425,1.6121080137440122
0.608989658891633,-0.6355695719632759,0.5128148648595665,0.6916501302573533
-0.0039437191402127425,-0.5116574285828783,1.0,-1.9080076200833376
-0.19176968450655973,1.0,0.07787986197443963,7.459179193327372
-0.07525704489867002,0.16565211937473734,-0.365969912971136,0.5686752482039098
-0.6304513801916509,0.5294943499862517,-0.19715451349053792,-1.6628223535573505
0.18337697524976337,-0.28230846679743404,-0.04777411423071598,1.2621495655730923
-0.7189780995712791,-0.2219420551785296,-0.4710683563937266,-0.5448351719960087
1.0,-0.26901614997675183,-0.5090955758856526,4.327646134507654
0.8292129098496122,-0.7174022968421301,-1.0,-9.369417623099384
0.8225275228121802,0.12150884255634775,-1.0,1.4757714866135865
0.47023083420062606,-1.0,0.2584678857550584,0.4276795526849267
-1.0,0.26228794538678213,-0.09602383322019237,-3.9245506817365796
-1.0,-0.14694433002282659,-0.3140533960164704,-2.9802633653652397
1.0,-1.0,-0.6307085160553425,-13.228985617766256
-0.31870854679699345,-1.0,0.2420858652001241,1.6540469211084716
-0.15216351302242348,0.6474119689147844,-0.4137784817059724,0.2838232417981997
-1.0,1.0,0.20321669696277112,5.0934387820218685
0.025463940166829735,-0.806784188210171,-0.5023990015220912,1.835685820829252
0.7417713097186354,-0.010186842806421792,-0.475507136128267,1.5521078879742238
0.514915553552127,-0.8240689466378168,0.7709017833856089,-0.14463623591552743
0.12399792654176567,-0.007904885828485586,-0.17168066536739301,0.35356446248129303
0.49231442986380936,0.2070743867676954,1.0,1.017854922242266
1.0,-0.4191100848444165,-0.8206176781710228,6.271950625136009
-1.0,-0.8850579214295018,-0.8438055760628274,3.115290596376578
1.0,0.8529519364484797,1.0,26.623511768885848
1.0,-0.656698144702436,1.0,2.6141902672038553
-0.466780908612906,1.0,1.0,16.341127278782743
0.21163151338837372,-0.7080599337976421,-0.745314880528203,-1.5395894321876664
0.16187598572161588,1.0,0.8666638280345562,9.054255250408747
0.19558664476809806,-1.0,-0.4948818540122346,-1.149151735195271
-0.7559172366848872,-0.5065514302959924,1.0,3.2081867537587545
1.0,-0.7132113237882054,-0.13721484355198732,1.8528819327219208
-0.36633967331661177,0.4827973571193509,-0.24032130965351084,-1.0655541666907673
-1.0,-1.0,0.11495694417236257,8.44560627929474
-1.0,0.9387156303635502,1.0,15.858123607219223
-0.06886528829855632,-1.0,0.3693128304798854,1.514245753553396
-1.0,-0.4777905962574609,0.41693299017058827,-0.2552516339471551
-1.0,-0.6351508220641315,-0.08413597711635434,0.1957021056040537
-0.45304940344418076,0.5246985936193824,-0.4834630720607236,-1.2134861033031892
1.0,-0.8767257519498077,1.0,-3.4274448607927503
-0.06942143481005503,-0.2096794831712514,1.0,-0.3515299928863339
-0.3150919393512519,0.7054170348600801,1.0,7.726254866449082
0.4511638114952352,0.2814060877724782,1.0,1.6142492240127755
1.0,0.3851805639772321,0.27244844754556796,7.858698487891212
-0.08596608120941585,-0.24269190371850358,-1.0,-4.079047905470426
0.15458970899082147,1.0,0.31698317749384897,7.267098562235443
0.28815383215871315,0.8735494225626375,-0.40142426136348863,4.933358104127101
-0.5897398871283162,1.0,0.2866802328964766,4.022095130309854
0.1263520270114864,-0.4399516960828116,0.21983500707529835,0.7665989059291103
-0.7295898387529509,-0.09025842272485551,0.36886911623916663,-0.8705528039239684
0.2148334109100365,0.11930746195047504,0.4980090448352601,1.3043599283393328
0.4527263546059237,-0.7267050047930101,1.0,-4.122447743940254
-1.0,1.0,-0.5014630706286565,12.312650034865431
0.08573088722386468,0.000974474498507627,-0.7480458129238603,2.0839721822827215
-0.011656430850618182,0.32556117278040997,1.0,1.7984011809990539
-0.45210159042461884,0.8210234959881457,-1.0,-3.726791218666374
-0.40541220573794146,0.607893021707103,-0.5709297923447716,-1.1990145891539417
0.8251375521228907,-1.0,-0.5218862452460067,-7.202860426923065
-0.6049244652116874,0.059115328234914166,0.5255221206204279,-0.6325604032993603
-0.11901179187320188,0.32958428625106606,0.16142770290015074,-0.771845933592358
1.0,-0.18142187096726237,-0.6862115661315162,6.528417072535969
-0.6527470346918725,1.0,-0.36033496796899445,5.036322571431279
1.0,0.8478834346882298,-0.8386350540984815,16.462627115948507
-1.0,0.45146794196391715,1.0,4.737921426249049
-0.5733292065003293,0.5859995533842386,0.28419605845524387,-1.2771047546142669
-0.9082649438178021,-0.4653129828346676,-0.3595221801757218,0.11114097892334235
0.2382028811243344,0.04741404104272928,-1.0,-3.441695766827329
-1.0,-0.6797136885813462,1.0,13.169739509787876
0.25715429276225166,-1.0,0.4200894358334628,1.0038656391389758
-1.0,0.9939165657479114,0.6860172453342441,0.8564328912811148
0.4275404555171254,-0.4055290832474394,1.0,-3.207617856365613
-0.5481284996146227,1.0,-1.0,0.6512478967425565
0.22685814600376553,0.770171474261095,1.0,6.732306518591981
-0.019562811182584294,-0.49120243562656385,-1.0,-5.5814362417561485
1.0,0.044026428695020714,-0.9814386738276688,9.052139303197556
0.0017172751583041101,0.008099067618912992,0.17710249624794772,0.5156988872042515
0.16038211543903502,-0.6277172402297604,-0.2883927630536749,1.3787255863542138
0.1469827430397952,1.0,-0.6779617241902902,10.266002720345144
0.20719042934256193,0.2385628760422478,-0.40240808017451757,0.921468785434287
-1.0,0.591851242277827,-0.591808675531529,3.559387492474263
-0.7587990082933826,-1.0,0.7446104089518959,5.658713582818623
1.0,0.02342222852714615,-1.0,8.358815426131223
-0.02310153363735723,-0.09779817714443606,-0.8562034154672042,-0.8432300261208157
0.025622395697586953,1.0,0.12630710764165087,6.837590726853794
-0.17115142127667182,0.0074477122150544695,0.7273852625258284,-0.5347368982222729
-0.06570867347209175,0.2520756135611357,0.7270534603742211,-0.7015822705314979
0.46505257258231847,-1.0,0.46121432808838225,0.27036319551188015
-0.2669726798765997,0.9902324628252719,-1.0,1.332972255427916
0.24844105692620722,-0.6916407261385196,-0.11120058568040125,1.905099129926211
0.6800204212862708,-1.0,0.5950399781142013,-1.1639575278334906
-0.5067818952280974,-1.0,-1.0,-11.259755995701749
1.0,0.01629216483702356,0.6682678037745073,7.166837741350517
-0.15969565166162836,0.1778141781712801,0.23496042270128803,0.13094966149670956
-1.0,-0.05211047167800409,-0.3596929889335789,-3.3954846334108786
0.25427283596787054,0.31519434157513637,-0.5152616240786418,0.44605909735360927
-0.7205916182357832,0.46386682833042014,0.5078540506984499,-2.8143652483218893
-0.1264405720714341,-0.6305933267084123,0.135494966813559,0.8293213906091832
-0.5124234130855312,-0.0012332889966342186,-0.04269911770859336,-0.2806342083868162
0.8952292329395779,0.26407607932941235,-0.5462174311695565,3.2032551532340934
0.9548926306973307,-0.4095175056846143,-1.0,0.9533169025406596
0.4474157516595829,0.7424143814917208,0.897303812068279,4.923419876339962
0.11281132708984365,1.0,-1.0,4.502498284639172
0.7232955891608039,0.2924927711473435,0.6985772112140671,2.342018109132904
-0.16166143894383223,-0.10122998670014582,0.4885093643342211,0.6403893081982623
0.16300437666572765,0.9979390128303216,0.35697237070997034,7.788535002500954
-0.08016564374270452,-0.3072403774714214,-0.6386584040058609,1.2816300243929586
0.1305215822125294,0.42438405446824046,0.4646271500112469,-0.0015651333501628395
1.0,-0.2010849104107979,0.5269250553151346,6.153995121146516
0.8523591770529002,-1.0,1.0,-7.785790556212032
-0.5072206659677543,-0.5698384462930761,0.43229718129809447,1.1107240460189434
1.0,1.0,1.0,26.376394741033533
1.0,-1.0,0.5426755783397137,-7.001217069949996
0.10870927625886928,0.41252801897339353,-0.4653733569492675,0.8475650448181163
-0.3255270016775762,0.02168795651058497,0.2566613691981525,-0.29225172424272117
1.0,0.027392963809065085,0.8247644296563634,9.915522094699583
-0.259433503618967,-0.09436837238098739,-0.023710652797340304,0.6435647911509748
-0.13995863805334618,1.0,0.4523619210188623,6.598982573881692
0.005936746771296075,0.1279682140152112,1.0,0.2564547568055823
-0.6475522144155279,1.0,-0.8648060271810674,1.898882268882741
0.43641806871298083,0.5342917652371226,-0.36053653234276895,1.1031265786778701
0.5382727725094998,0.24957680572855034,1.0,1.7330906736549618
-1.0,-0.8392143537982348,1.0,18.12103943149418
1.0,-0.5070722802502305,0.015165878045081627,3.691384972330976
-0.940309642989603,0.9844429738580194,-0.3411428524961859,7.732833642336452
0.7250407906811884,1.0,0.12517699710794172,7.328463164287676
0.4433679493049678,0.16628638995727174,-0.9334500035847917,-0.7187498363061278
0.787646853956153,0.4239002321132408,-0.10958913314270036,2.4449729623291128
0.49946916389824825,0.7501125227426715,-1.0,-2.0642205291688054
-0.6852625411643722,-0.09232154479282872,0.5306690257422308,-0.8079948329101729
1.0,-0.7304760416552669,-0.28631900459127957,1.8280865162166136
-0.34590718345114446,0.2796064094986799,-0.9550023811187578,-2.366394831846964
-0.31335961760868636,0.6295191632508326,-1.0,-4.973464040526416
-0.9412153191897858,-0.6578249721801128,0.22773380602964632,1.627887310163537
0.6528799812253208,0.8154454093541463,1.0,9.095548167880933
-0.29115474968474,0.9790279983519066,-1.0,0.09580793606815197
0.452897957241426,-0.8011640390244537,-1.0,-11.950735072971153
-0.16382911572593284,1.0,-1.0,3.0764490737672605
-1.0,1.0,-0.6167124044926575,12.449885568461452
1.0,0.7109922905479125,0.2290638310487385,8.847491554822682
0.5906092202812645,0.569105951324087,-0.8904605524617002,0.012750554512074325
0.716174354861496,0.6909536182043745,-0.9491183667927272,0.6992757392018152
-0.4919850705613693,0.8920515199236669,0.3241159076006057,2.703479690600407
-0.40124085051168823,0.6690696464952577,-0.2821882289677693,-1.100486785018805
1.0,-0.26213041313568164,0.5587813114313414,5.358064751555936
-0.9507381104246446,-0.16654831313748808,-1.0,8.249578031216616
-0.5691711772022083,-1.0,-0.49248864611324494,2.1414281729924602
0.05168818561920596,-0.3614647093330323,-1.0,-4.839196840878073
-0.4021520100176861,-0.8520013922694605,1.0,-0.7389893052173433
1.0,-0.05262690444711127,1.0,11.06171630669781
-0.1474859527093182,0.8002298718577288,-0.38824472664818144,1.6140895432199796
-0.27286905545505524,-0.4831161261652148,-1.0,-3.7292397755014584
-0.3607037588840012,-0.596884580068054,0.5306087367117032,0.35122863962538825
-0.2898320756951136,-0.8865103741170555,0.29500362573769867,1.3232408668034004
1.0,0.3521329558784996,0.5634742361525231,9.22593141414219
-0.014941800688986318,0.6844661574966717,0.24967278482030575,1.3522844193353363
-0.03253311509490864,-0.9315980460269624,-1.0,-13.173270453494066
0.7068521205699994,0.012120454328753638,-0.35691239894895177,1.7737104725416228
1.0,-0.6991923268839022,-0.6094279450885698,3.6291624979212593
1.0,0.08141487363431588,-1.0,8.89782693987265
0.5602390225791205,1.0,1.0,9.414098667254258
1.0,-0.9647669331534219,-0.5391305288091321,-7.518448824353191
-0.1287857516656561,0.8014786005334598,1.0,7.444074439727217
-1.0,-0.8941579278873275,-0.6473925689705808,2.3886095854949088
-0.34879443993634607,-0.24642816088545194,-0.6223564738850562,0.02622754131817495
-0.15950958231954537,1.0,0.6828478671667857,8.212985493771326
-0.050175084707979156,0.9254041314874037,-0.06970281123183053,4.376130457488285
-0.554301745062822,1.0,1.0,16.161115008943383
1.0,-0.6175539509296002,0.6955743149461697,4.954011630716147
0.9381659333307335,-0.1356913874199901,-0.5791013165402612,4.1351603340905365
1.0,0.8964399470633635,0.37899855276848604,11.858958752290082
-1.0,0.129075045063352,0.3107584157632546,-4.737721867342577
0.7077574709202488,1.0,-1.0,11.252983029275862
-1.0,0.23798526605404935,0.9123461479034649,0.7799394499068043
0.07300518847918647,-1.0,-0.5808083785676261,-0.937563761037729
0.016829301416875886,-0.5313278616739436,-0.45683941345876056,1.311877416850723
-0.06504392519924007,1.0,0.6791075964666122,9.447102477605725
-0.44677201821209245,-0.5106547165530306,0.1278030788056752,1.0568964014864868
-0.09169499593469133,-0.6739825149620104,1.0,-1.6963199112329557
-0.5905606488017661,-0.8226395345900783,0.6431339351269749,2.4185422528741736
-1.0,1.0,0.5599359317012784,2.4585860206362438
0.7775860672363832,1.0,0.5555834743107195,8.710664000078209
-1.0,1.0,-0.11162285195472266,9.594237911970596
0.22416975867705768,-0.8529711971977112,-1.0,-12.168150216444928
-0.4750236140881219,0.14799189457950956,0.9282859180027514,0.7842657504248585
0.9564705577462986,-0.8719421880174321,0.3397998372704112,-1.6752091043766346
-1.0,-0.3787570513449938,0.5424397999243886,-0.5305889360698334
0.5973840361778282,-0.5144626709140547,-0.23750796112887973,1.728539256193967
-0.6417539254171325,1.0,1.0,17.04952171008172
0.5912339111330287,-1.0,1.0,-6.773186628645657
-1.0,-0.09284907623215188,-0.321839768023539,-3.584133057852477
0.5509395518792011,-0.09245177548559558,-1.0,-2.3157369848862617
0.35562115753320556,-1.0,-0.12179655403279255,0.806018024400556
0.1029588448235057,-0.7561665532664088,0.2882572599251818,1.2425721369118636
0.3049138508921394,0.8536162012985167,-0.8542937831775701,2.2856975555577255
0.29995389835685393,0.1858718639988728,-0.03210334800783454,0.40624895585252474
-0.2040385746804927,-1.0,1.0,-5.183822077016943
0.2549595563735221,-1.0,1.0,-7.178355991435789
-1.0,0.32882477257456544,0.4534299933340009,-4.611786019238341
-0.5257875491969923,0.39076312989171047,-1.0,-1.786290500050183
0.12064715144886229,0.11849569446217822,-0.08074172847227623,0.5188153858535132
1.0,-0.2308052454372591,-1.0,6.032838616322414
0.30844018897951453,0.40802270328092316,0.6810732784824352,1.7022185686629276
-0.7751845654000582,-0.11730989865219232,0.6552344108228372,-1.307708362654043
-0.6393936972494518,-0.01844848707848823,0.6009859266202773,0.1496396691046914
-0.46200668911951026,-1.0,-0.5533307749755463,0.22291170237073307
-0.09544020619274818,-0.959583637638759,1.0,-4.941118947606664
-1.0,0.5807981881001352,-0.6747205647854868,4.774040104033912
0.5014460834425698,0.5212664475091233,0.6245088314947305,2.297626664867274
-0.6037794049562151,-0.40896665659455644,-1.0,-0.5150041346840496
0.04519008658631707,-0.19996344603976435,-0.4874814379905317,1.0388672087501702
-1.0,0.5622421018029118,0.8065933192022801,-1.4783905363756493
0.24891163589171938,0.3282243072109037,1.0,1.4229481585026487
0.45804979161085657,-0.14135281894530283,-0.5128433295374137,1.1999102890788014
1.0,-0.8435373490694436,-0.6814040576384957,-1.0037248384757358
0.14244835055328964,-0.2545112382781909,-0.42316978550466877,1.7180389508740785
-1.0,-0.6071574990437156,-0.6989645299771285,0.05682560159701078
-0.023557764358672628,0.7241840768307879,0.5591141032387585,1.5795374332953285
-0.5914725468700275,-1.0,0.038499550835100704,4.942132312704279
-0.11674886603599921,1.0,-0.19595596221317524,8.231681853241351
0.016194751136989982,1.0,-0.6668040660749146,10.373174157907696
-1.0,0.7154534118400808,-0.07928492579789048,0.12041862829067831
1.0,-0.8391179415499421,0.2523788809753793,-1.044967795521932
-0.8104027500609885,0.8400047045825663,0.011268548053735561,-0.6295188282522952
1.0,-0.14714453078343093,1.0,9.62748591746446
1.0,-0.7954556857643422,-0.16372284578515273,0.9139294671607117
-0.4905746517764673,0.7186403073509591,-0.3180782862929592,-0.961672522869367
-1.0,0.3798959058253992,0.30193528403460546,-4.7037089824769565
-0.4525811389611969,0.7062768329403242,0.40745807068519935,-0.9055722768627168
-0.6621018158922989,1.0,-0.015627539093568288,4.885101092595071
0.7643964436463737,-0.5737510749114152,-0.9064748976847834,-2.994167536549713
-0.5935748299285364,-0.7512626644011626,0.2021024838173897,2.6593821310907053
-1.0,0.6282357529910543,0.14147386196485168,-2.985002794478954
-0.21765227432191692,0.8124134078790624,0.18077749062604243,1.219642218778766
-0.42880509961177515,-0.8449058662839246,1.0,-1.0852686335166761
-0.9358263851369022,0.1796779112093696,-1.0,10.366331913472713
0.016236207544222836,-0.9713185481770985,-0.5622892083739721,-0.25650466144226186
1.0,0.13848672054813616,-1.0,9.700713215204521
-1.0,0.9971218280214398,-0.34762707044100716,11.234439275046359
-0.6950895332940055,-0.840218666470604,-0.24994018342228408,3.61265979660856
-0.5011940999032012,-0.5183023204498283,0.34468739327122666,1.6155795019800046
0.4166027941569912,-0.35350615536060315,-0.4974587119454359,1.714743358227567
-0.1497283889572476,0.3531595948446504,-1.0,-3.0952784215393576
0.569178524932396,-1.0,0.04108035944319166,-0.4163752412417555
0.02568952618896403,-0.02221410780392108,1.0,-0.013516100376189149
0.6499099863874094,-0.023043932095150765,-0.8155224532419509,0.44205809881169633
1.0,0.8203867049112692,-0.2403015069107315,8.80541333185261
1.0,0.7409266095205351,-0.748180337704355,10.073178315325512
0.15026996680775007,-0.12037248502551834,0.6763081363078784,0.7065921332058018
1.0,-0.6620540970134312,-0.8342820997247482,3.2656639448064624
-0.7617476282867175,0.7294315104120088,0.12543903810494772,-2.449246635723254
0.20237577565764298,0.6257266855827521,0.5977997657708125,1.0434843529889282
1.0,-1.0,-1.0,-29.42554369516748
0.45398208699826736,-0.7708393669526479,0.46690656897636207,0.9736048937155384
-0.9232818622814503,1.0,-0.14385835024781768,6.78817574003119
0.5301378901976603,0.17999464386199815,-0.46597390930167926,1.050065725944465
-0.24827905928525995,-1.0,-0.20800841617262744,2.6591741208326845
0.2500720428982397,-0.343150251122216,0.7008080636697671,0.159241501488413
-1.0,-0.5775422674595545,-1.0,4.856764118804852
-0.39421190243918014,1.0,-0.33590402088018245,7.337710281032139
-0.8523726646184682,0.6093876019695583,1.0,6.39178474554514
0.3921590819258389,-0.3001041487139413,0.18777304899539482,0.6272235303388609
0.2264021719085456,1.0,0.6588917067046558,8.875127319927179
0.39000751030336533,-0.03107362533669611,-1.0,-4.108554099622816
1.0,0.3101406470683252,-1.0,10.79315868804828
-1.0,0.021594841882373705,-0.9831693473730447,10.291430691148708
-1.0,1.0,-0.1366234822574286,9.475446601891555
-0.18795110791460945,0.11119710916819003,-0.8431626812756354,-0.2058274255571455
-0.5490659851594348,-1.0,-0.5930785421058353,1.0115084538050436
-0.4752944315778356,0.017260650431114133,0.7122843166041624,-0.13646871564521662
-0.05813615824777729,-0.24580971002899488,-0.3696082461923629,-0.41598407174128316
-1.0,1.0,0.8524942137781579,4.999816708734543
-0.9883958136622963,-0.8673338353022273,0.012055421805393873,4.37519706723532
1.0,-1.0,-1.0,-29.53254331154959
-1.0,1.0,0.3915949237118814,2.598664259414658
0.7362258740458307,0.38911678095054625,0.05336578519172064,2.2578013575550453
-0.9197111933223692,-0.4227353226412949,0.6438657980140432,1.0654972198939026
0.13046590994862273,0.6731144728650071,-0.02011286829866732,0.8511312203990227
1.0,0.5243225030852685,-1.0,13.098716531104085
-0.7797578686157385,0.3550505899393752,0.48477797601593675,-2.2110087667359752
0.2847357626622611,0.5299365643713423,0.5794425217479571,0.9680020314938995
-0.39714749694898277,-0.2983789529399654,-0.18785967989020347,0.7744789528323734
-0.9347285845053106,-0.7984772898758177,0.3283661485224456,4.848543235347407
-1.0,-0.20091892055687222,0.45666582627055097,-2.9237219777253234
0.5356918279867926,-0.20898138350119666,1.0,-1.7016814710534425
0.18313400833543225,-1.0,-0.1343703173796138,1.623071911221133
-1.0,0.9407046940556396,-0.4865990215718965,9.592350025621881
0.9987547155549366,1.0,1.0,25.812633985316435
-0.2796571424840031,0.9338010256899487,-0.15681996717778324,3.949925670567624
-1.0,0.19096015526439403,-0.1125133369397695,-4.593251631183084
-0.7534875240972381,0.11848908132461844,1.0,2.436642090731758
-0.5210010888516285,1.0,-0.881353080509077,3.2837126253611566
-0.3873997290429734,-0.28745239749500473,-1.0,-2.4441336447472857
-0.8063130224225519,1.0,-1.0,4.027878684864951
-0.7157131731276012,0.023937334932340626,-1.0,2.5300757688499687
-0.1347177201286911,0.17293211856220458,-0.3246702798820771,-0.1729497398705343
0.2668200578354396,-0.14365281508125305,-0.43249869009962705,1.3887472179761589
1.0,-1.0,0.808478441059068,-6.010002804482069
-1.0,-0.1602537157659032,-0.45070588120881183,-1.9561910445144468
1.0,-0.4106493754591898,1.0,5.028047847219689
-0.37831340687537374,-0.418249889911239,0.21637027310547774,0.38855802999423494
-0.8038158738784358,0.7727431245998282,-0.7536475837722871,0.049573173036578655
1.0,-0.08348575361407784,0.13745752898971042,5.457214426275597
0.6758808010586019,-0.11359749621760895,-0.4917821993316547,1.5036008796659264
0.6891787407158503,-0.02938151436099834,0.1926546431159395,1.9414770905915713
-0.1057290776927251,0.8981075007054176,0.24078592052694514,3.7009450576125613
0.8631270785413463,-0.06616706353470558,0.9431281083917744,4.613664652150713
0.9729152937758057,1.0,1.0,24.00874744590148
-1.0,-0.4392361199775314,-0.8014559365190437,1.609423700744599
0.56695786063371,0.6046115337752014,0.8206339245912924,2.768141857847296
-1.0,-1.0,0.1918118869864598,9.528332304654125
0.7097391115064926,0.4131919889102038,-0.5255501627338168,0.9929527104638158
0.8219483168037374,-1.0,-1.0,-28.271391970998597
0.35569590911551563,0.5741238460683342,-0.4873284922847416,0.9060802788459525
-0.5795822143246276,0.1892665674025893,-0.8569304459664304,-0.2382413430400141
0.5083502164136084,1.0,-0.452159899655699,10.389189963742485
1.0,-0.6557651198254641,1.0,2.160734278323748
-0.02111950553776132,-1.0,0.45484312662215154,1.1541983538957141
-0.27039079032339997,-1.0,-0.04028004643338523,1.9270442815244335
0.4292332692225871,-0.5301599493249682,0.716115068187122,0.6928131808358828
0.417096840920796,0.4297311477662138,-1.0,-2.8540475626185025
-0.2833258914827794,-0.03912879975067729,0.07316440449818518,0.5055297019286609
-1.0,-0.8400934191702785,0.2258809691906818,5.848367616986042
1.0,-0.6989412320057491,1.0,1.0186676667415924
-0.8822612464796178,0.33966782671215223,0.41844991444310775,-3.801002111833986
1.0,-1.0,1.0,-9.435884780918974
-0.6756424371979148,0.9391095726402539,-0.7096743528924532,0.3194477494470507
0.03759167386600337,-0.7288580393973021,0.08595929180985662,2.1261720757132445
-0.8531393706645369,1.0,-0.5839608598773547,5.764657778649559
-0.7278427810582053,-0.5979151383527386,-1.0,-0.060239746934467375
-0.00491802506026584,-0.34104627435298385,0.18477304410776263,0.5966263511031173
0.30279272539165825,-0.028552192589082592,0.4416068659225907,-0.35437108577086396
-1.0,-0.5775610989616906,0.41871787389482784,1.4806005045118342
1.0,-0.4549625175000178,1.0,5.742553411204472
1.0,1.0,0.020036783409532744,14.520163529392681
0.023622099530473006,1.0,-0.9874755421987742,4.615625159651495
-0.1021613841772524,-0.904792539443807,0.8029174027492467,-0.8476037013541351
-1.0,-0.8803332106640793,-0.4134076313465782,4.548633541937973
0.23256959314532177,0.7692071287957032,-0.8099887177944818,1.5793434554159531
1.0,-0.7900892352235385,-0.16650325579681247,1.0337225023067627
0.3550263155877067,-0.08865973196073629,1.0,-0.7652257626336985
0.07554077489250166,-0.6080509176256881,0.2578255714338089,1.1434787991463435
-0.15593478525371607,-0.6763454125886557,-1.0,-7.889478939638758
0.6099320448406789,0.3498872568705065,0.4015823329741919,1.3573846702422054
-0.4974298850348171,1.0,0.11251578656956474,5.642326622077431
-0.4872365862881831,-0.595474162375903,1.0,1.6829079664400932
-0.035952668293081746,1.0,-0.08489042909996791,7.517815622709018
-0.28672568801281306,1.0,0.07633081638758354,7.1296939586632995
0.15768709171035655,-0.9273237537878114,0.7770419034374034,-2.283236218980795
0.5502277762389343,0.9508532907916785,0.11485674987015049,5.130230305393177
0.8297264943450513,0.23067970982924035,0.5157847391612767,4.222087503657311
-0.04978893323066136,-1.0,0.5617104782739848,0.812801404713812
0.8361564197220115,0.8362215571618632,0.29397241994385936,5.327277463649935
0.7728113270462627,-0.011663257419744832,-0.11968528104821297,2.197956780025368
1.0,0.3040953830160844,-0.0010073743393448353,5.193788342673373
-0.5335820536458411,-0.5647255577530403,-1.0,-2.7070878239306744
-0.3452952104219924,-1.0,-1.0,-14.006880549477883
-0.10748437834125046,-1.0,0.12165276830923477,2.7347448065767277
1.0,-0.7187077280729037,0.017445837061188074,2.5524099221894057
-0.7353697145478968,-1.0,0.8366555855878519,4.736010080505682
1.0,1.0,-0.7352642233243276,27.534892349201332
-1.0,1.0,-0.24688753507188,10.517127299031737
-1.0,1.0,0.7432790869530705,1.5956603240942309
-0.3376468190859565,-0.9146729527537476,0.611826428428677,1.1993109600515373
-0.25010565404765983,-0.7971721049116365,-0.8655043930225224,-4.474822010604225
-0.16531002732317535,-0.3333006144186652,-0.27479000403137044,0.737981661991784
1.0,0.6114327808933055,-0.4871622420667021,5.871083649518884
0.46308404601092534,0.002971071679743087,0.39106912748804734,1.3564041385594174
-0.8931713911825552,0.3451602427658229,-0.15467840584350534,-3.0282263752086442
1.0,-0.9170972559063788,0.6205662673077286,-2.1138974712529923
-1.0,-0.43119407344560123,-0.03482479316317044,-1.497483408923068
-0.24303883333031306,-0.8964728961526944,0.5423596307778082,1.10286388652905
-0.6480418190305313,1.0,0.42542548107224887,4.722623547266491
0.4961039526648172,0.16596067674883552,-0.8295975979758905,1.625078384644361
0.41065013377058346,-0.4750274417047049,-0.16351122826393993,0.41659654860088335
0.2539451447380394,-1.0,-0.6826028158715931,-4.293421628687754
0.49650342626187016,0.8916466118673727,1.0,8.118387480103912
-0.47501121942767566,0.9379480364461903,-0.4048141291896692,4.011136469677634
-1.0,1.0,-1.0,21.14880248390193
0.5416025383155747,0.23514289180269965,0.39487227832759575,1.5407336314968532
-0.18469998785074404,-1.0,-0.9557686265936891,-13.39012454052008
0.040484905935663784,-1.0,0.025523901168813756,2.1436354476928496
-0.026212526545242865,-0.1704698257863133,-1.0,-3.279953695867064
-0.03446383698958844,0.6906098086330341,0.6514223915218547,2.441744849596517
-0.5944875611685099,0.03874703092680454,1.0,1.375643307473878
-0.5876833732656073,0.8672937026352003,0.25439967321100543,0.9643272774004086
-0.6858561531940961,0.5853096861014582,-0.38498509233535705,-1.661177475831598
-0.47499083891965177,-0.1542185724696592,0.38115250664124,0.22396896363267774
0.043377074442081165,-0.1001338317602063,-0.38088710074986776,0.45580098236747213
-0.03154013935262756,-0.22147138498582608,-1.0,-3.3705381804362613
-0.4144675844840966,-0.9579594650557473,0.030891233646703098,3.1535324646790674
-0.5103633612472991,-0.1544981121383442,0.6760163830952128,-0.3925264769701452
0.7755926609525534,-0.9748914670363265,-0.9476184588145009,-19.951094261754527
0.27981766023062327,0.8740592786876231,0.35709810691697297,4.058906177429525
0.14992798593446977,-0.40833559152892773,0.3066865532901395,1.663325681477142
0.9617921630649113,0.7166280328818555,0.1069387423288326,7.059273290246441
0.5538109385958181,-0.01520810578591214,1.0,0.003073311522274441
-0.49241461408642695,-0.44043157025082524,-1.0,-1.7246980341660159
0.23747197175719492,0.7915444693750011,-0.25349375949560105,2.509137153715946
1.0,0.8563943372843927,-0.46958377685974106,11.099535409768208
0.5575204101864,0.3875215845122906,-0.5346133844378265,1.571983974569155
1.0,0.8666037373637456,-1.0,23.93565140296573
1.0,0.502639240328308,-0.5162360804944086,6.046031561612072
0.3494797413641413,-0.23049707465943547,0.5736053863998287,1.161572994394068
0.9588210645867177,1.0,-0.18593362785733358,14.331002774165926
-0.16407289500887323,-1.0,-0.5235047033681868,0.5984111213688496
-0.15035737803604587,-0.18681963238410004,-0.050864429428730595,0.5390068425079652
1.0,0.8386740618877733,1.0,26.157291514041052
1.0,-0.2097814651931582,0.052036971145649646,3.717842866940959
-0.5096758971491226,-0.5346315657219225,0.7285568183551143,0.6299475674611754
-1.0,0.33332218639864886,1.0,3.8218926459809124
1.0,0.5953044059729549,0.287769739200739,8.860769809781512
-0.20708430755301155,-1.0,0.4233888447708509,2.211855701207607
-0.09683286638336241,0.08182022201840522,0.3300245710269072,0.5177898105114351
-1.0,-0.10773157624204854,1.0,3.4771616266469736
0.8320686496268617,-0.032153630830313196,0.0823233985096612,3.001696513005626
-0.28773164296365294,0.9555716103968293,0.8592493810448101,9.794118644669842
0.7977270446169942,-0.7088242476776818,0.4456417659422416,0.8888178288146379
-0.7635113482952915,-0.18993006734713846,0.39810206959744154,-1.2483671789011515
-0.33629843808919757,0.2702160805933973,0.850011012104819,0.5723283156081473
-1.0,-1.0,-0.458422911215717,5.951332458100413
1.0,-0.11987042195489273,-0.7043516214804424,5.701652633526566
-1.0,0.3719454917593179,-1.0,15.748295893353744
0.3090870206541785,-0.7054363930276542,-0.7442350013995112,-0.6849186048713943
-1.0,-0.6367200968664355,1.0,11.909002021616745
0.20082459587635615,0.6301806944264081,-1.0,-2.8331977080896555
-1.0,0.44056903604536934,-1.0,16.92458230357656
-0.0458012475969809,-1.0,1.0,-6.923938797905499
0.9497276212061154,0.37877581691309437,0.788446405819021,10.062110657461497
-0.17130205867533954,0.9425231964904868,1.0,11.734298750383935
-0.29309046622974444,1.0,-0.5079976263531218,7.774540224268902
-0.6346195056667916,0.007836497936767328,0.5544058651827393,-0.7546141561521182
-0.21897771554314516,1.0,0.9399378519665689,13.157962019317676
-0.5944899519782887,-0.25471797145072506,-1.0,-0.7657416161702811
-0.9050315186431146,0.15333942520076405,0.12460490752686293,-4.081440281307037
-0.8451990117177184,-0.8079973677955243,-1.0,0.5897483353502091
0.37707641306397743,-0.603747555306706,-0.9593799916486749,-4.693607539779322
0.7838419807777655,1.0,-0.23378910923273155,10.702432276567379
1.0,-0.616793960316282,0.29392979189141677,3.0387354838408913
0.30135110929971365,0.1657013755416703,-0.7913192017863695,0.7297685181388622
-0.44891815264623025,0.0529638950090654,-0.43531702533617267,-0.32468290769160224
-0.5170715512793471,0.5179084465449915,-0.025636530147784553,-2.114030577464957
-0.7543520234326351,0.8227713773173242,-0.5023452909913175,-1.3949087233586837
-1.0,0.03798757594212421,0.08871438810289134,-4.985990727666427
0.520599270935354,-0.39790961028630734,1.0,-2.4334663457450287
-1.0,-0.3735537981518955,-0.40504638877612176,-2.059412096213828
-0.0159249343758876,-0.33986834623081696,1.0,-1.9889337471757527
-0.5360177835823818,-0.08025752497073202,-1.0,-0.253222213394845
0.3882244885985586,-0.12197850929295218,-1.0,-2.9858237377832744
-0.2405869838345005,0.6938030055553399,0.02256468376177234,-0.06366551907506805
0.8209137299342237,-1.0,0.08842804683949268,-4.853829861129658
-1.0,0.6428259401266481,-1.0,19.042204675418198
-1.0,0.26767960727256046,0.4978573072023962,-5.11527714350453
0.4860884202220326,-0.4544201543181281,-0.6288566837534597,1.1396960593223975
0.5336888219737834,0.2625152301409279,0.6565146383580378,1.509203288179225
0.9395543587206978,0.10516509153974907,0.6630153605734219,7.094003588762019
1.0,1.0,-0.3977568551911954,18.32338198232126
-1.0,-0.9988754067180332,-1.0,3.314219303953129
0.2716021504184767,-0.125545899643986,-0.7843768717977047,0.5255487287416402
0.8106937649575388,-0.4038862410767057,-0.5017926632870429,1.7364075345324794
-1.0,-0.2730433044869798,0.9977047381423829,5.362580720194915
-0.49650747796917183,0.09777646965935527,-0.5803039753284416,-0.18043964521973618
0.11873766966860222,0.8730968598713258,0.012952144019616085,3.800567412044376
-0.6222114636812945,-1.0,0.6247539226602701,4.025295700172863
0.9670573295822329,-1.0,-0.5646178509028725,-10.198744156959046
1.0,0.2306016181299384,0.5888545509676939,7.728776275297328
-1.0,-1.0,-0.02269909789038005,6.826056771657477
-0.5135807855196952,0.05075607037630592,0.4332855831297211,-1.3443435857087538
-0.9938189849196875,-0.053877812393320346,0.973842818340172,3.077364444629087
-0.5854125395788863,-1.0,1.0,-1.578914796290379
-1.0,0.11244073044815317,-0.029536514638080158,-3.7257755622410005
0.17215550845124294,0.3253043964589375,0.8164643349991019,1.1048474118438367
0.8253754489561411,-0.14929911246348193,1.0,2.252367079216992
1.0,-0.011886621796434849,1.0,11.719184692277002
0.61269466344731,0.8441669894783963,-1.0,1.0603587959648606
-0.3430113464035984,0.6292203801664829,-0.6103514516683644,-1.1877323930590953
-1.0,0.2705110665456585,0.24100882500369147,-5.305682555058782
0.3996186702454301,-0.8304329258394834,0.34986285969756126,1.1109922757653243
0.6257199381197569,-0.5754991212878542,-1.0,-6.509568792547242
-1.0,1.0,-0.7813335411694671,14.122909200502235
0.19936621531689158,1.0,0.7146390396781743,8.772504908498375
-1.0,-0.8133963676453173,-1.0,4.235736438231902
-0.7201384261369728,-1.0,0.7033321522218865,5.271964075577135
0.17018812892574076,1.0,0.9653434621843033,10.71345850553187
-0.9990242868823966,-0.5096559133530787,-1.0,5.198233980945027
-0.14522227342597582,1.0,-0.38508888697275157,8.342348905857614
-0.8773916401288218,0.47055436822533103,1.0,4.307383601004394
-0.5927826989149187,-0.661388654559063,-0.1452041229997545,2.233197371040724
-0.38256449616339294,0.942522332237526,1.0,13.530083464406086
0.8689193047715555,-0.6057513096699296,-0.3762390176902175,1.8209224104316168
0.40134888181402584,0.30687283379134445,1.0,1.7623655290726503
1.0,-0.47467648923968264,-0.7504622025216396,5.783522321419977
0.722736195284879,1.0,-0.23234427478771358,10.18184623355218
-0.40850409082063255,0.7775416401817796,0.4947005471005048,1.0832236959475283
1.0,-1.0,-1.0,-30.09996273549783
0.44309244407807724,1.0,0.03622915829928597,8.15274526743184
-0.49263141425031187,-0.12894782573601038,0.4110701992495176,-0.09676352599983165
0.3808213840268153,-1.0,1.0,-6.850399017707545
1.0,-0.24299076281253185,0.45353296185246994,5.400967954357078
0.3710330552925858,-0.12608874957095284,-0.5288023114006664,1.2412378869684264
1.0,-0.9245850762471324,1.0,-5.4020606751782605
1.0,-1.0,-0.14170321090019922,-8.364245109547873
-0.17589279506511102,0.36483329879622617,0.9198972796812677,0.7941631402494418
-0.015923592865025427,0.5084944831750748,-1.0,-3.801099667880363
0.025726139065217257,-1.0,0.7022842481481688,-0.8431282965026305
1.0,1.0,-1.0,39.20239365041409
-0.8667734751505878,1.0,0.06164780281551896,3.950239226410775
0.4185442832763422,0.756736289737904,0.11211010145035671,2.290488232480432
-0.2451044354328995,1.0,-0.6642230718137674,7.766963922840738
-0.04839653968620983,0.9667150682152812,1.0,11.472787326684715
1.0,0.4564692083019226,0.5540210396626437,9.407172163452882
0.03354712956057737,-0.09668281150789615,1.0,0.4123965334175853
1.0,-0.6651858665917378,-0.16965059870934307,2.463176384197178
-0.7158957836591469,-0.4113602351152639,-1.0,1.0738585009600778
-0.6871353651298842,0.2389435826542401,-1.0,2.134514606123682
-0.10246912809216768,-0.4564483878368435,-0.4612813987516886,0.9735453624941519
-0.521845839545958,1.0,0.0050301717252330125,5.886122395764613
-0.20247972668438274,-0.1224957072427213,-0.7776130897509705,-0.13441715810413127
0.33144688467529404,1.0,0.7455365765473849,8.545848215436632
-0.8156975131035735,0.47576138624393893,-1.0,4.82991140258014
-1.0,-0.9300271469016581,-0.9495366653210691,4.253816815348394
-0.6149590610485016,-0.189605446109105,-0.18933827300088302,-0.19066171745603283
1.0,-0.764486048478219,-0.08523770647502849,1.679745119673494
0.35464893578781176,1.0,0.41291574269182196,6.762980677428594
-0.30202528020129105,-0.15920950308357185,-0.43110820953154305,1.2572913788553803
1.0,0.0099687703359983,-0.21898692524078367,4.296396684976529
-0.35756187103267933,0.5877742837112963,0.9775190123429682,4.4988837092534775
0.2508345801373342,1.0,-0.7963969325124614,10.3480551234219
1.0,-0.19169888401983326,-1.0,6.290144573089509
0.6928742170891973,1.0,0.6920359898304553,8.684993853963805
-0.3249341789302984,-1.0,0.8611780136313836,-1.5919566759107702
0.031499566945210944,-0.17784612219852458,-0.43499367581402293,1.458146546200286
-0.7883068171040051,-0.026964080754359188,0.3075908082535328,-1.5118217127725084
-0.6594384500505133,-0.28616395646442183,-0.2741619445394523,0.5841100534548664
-0.7488189967192569,0.09719942648149771,0.835963108853625,0.31275874607753257
-0.07271260410863434,-0.653372111689055,1.0,-2.21487890123727
0.24266375892849612,-0.613357780059107,0.6255022624073088,-0.3527591727990949
-0.8877277770029257,0.867314830693338,0.12742732722348826,-0.8928978324132892
-0.6513707466638783,0.6579128632930784,-0.5617708877142806,-1.8259432796881159
0.31190112278418036,1.0,0.24008683062582925,6.910988694226286
-0.2004429523474791,-0.5628747660527276,0.3974279031255219,1.427823378660915
1.0,0.5607155054381319,1.0,24.240019146912246
-0.40923200105307234,-0.37116554305893246,0.24739617118840385,-0.0017931592104647454
-0.5046052699346439,-0.48032582607079255,0.8779946608677798,1.2628383248554644
0.3384981409868435,-1.0,-0.019790257308163195,1.1894522521666264
0.4174444212856667,0.03288567330347414,1.0,-0.6912335370556536
-0.12318306516128263,0.4659563719161617,-0.1651397329926163,0.01897838214031993
0.06735692310544539,0.6044068394332853,-1.0,-5.192239018509889
-1.0,0.7289292296914962,0.9024275349636579,3.2775285271085277
0.07882444906281183,1.0,0.7082769060104692,9.595447222281429
-1.0,0.07403287640286327,0.2518023322547529,-4.859173663698113
-0.3737974894043632,0.08155972704608794,-0.19746856380362887,-0.27176219115525674
0.5333283615271522,1.0,-0.013494377156031634,7.807668339077693
0.13824011104285194,-0.06930366921234588,-1.0,-3.961655724698057
-0.06197985402535977,-0.36836584431448394,1.0,-0.736212312099576
1.0,0.47291117224034296,0.8109984959869221,14.657482303196483
-0.48331683305656714,0.2505913448829191,-0.6224050640999803,-0.20913735509758802
-0.4529278480519734,-1.0,0.40808790526037186,2.844155883285026
0.7419978089194936,-0.8009870831557684,0.027549808760764627,0.5204048503165114
0.09445175605824652,0.11329649488892657,-0.10180974830737233,0.9984687321806802
-1.0,0.5183553195607291,0.29827522506576254,-3.861417470667882
-0.41455592313406675,-1.0,0.34577075984059635,2.838737310213501
